what,kind,bundleId,bundleVersion,description,time
stopped,bundle,org.eclipse.ui.externaltools,3.2.0.v20111007_r372,"org.eclipse.ui.externaltools",1467822854594
stopped,bundle,org.eclipse.debug.ui,3.7.102.v20111129-1423_r372,"org.eclipse.debug.ui",1467822854627
stopped,bundle,org.eclipse.mylyn.wikitext.ui,1.5.0.v20110608-1400,"org.eclipse.mylyn.wikitext.ui",1467822854629
stopped,bundle,org.eclipse.rse.subsystems.files.dstore,2.1.201.R33x_v201109141647,"org.eclipse.rse.subsystems.files.dstore",1467822854630
stopped,bundle,org.eclipse.rse.subsystems.processes.dstore,2.1.300.v201101042155,"org.eclipse.rse.subsystems.processes.dstore",1467822854631
stopped,bundle,org.eclipse.rse.subsystems.shells.dstore,2.1.300.v201101042155,"org.eclipse.rse.subsystems.shells.dstore",1467822854632
stopped,bundle,org.eclipse.rse.connectorservice.dstore,3.1.200.v201103141607,"org.eclipse.rse.connectorservice.dstore",1467822854633
stopped,bundle,org.eclipse.rse.subsystems.files.local,2.1.200.v201101042155,"org.eclipse.rse.subsystems.files.local",1467822854636
stopped,bundle,org.eclipse.rse.subsystems.processes.local,2.1.300.v201101042155,"org.eclipse.rse.subsystems.processes.local",1467822854637
stopped,bundle,org.eclipse.rse.subsystems.shells.local,2.1.300.v201101042155,"org.eclipse.rse.subsystems.shells.local",1467822854638
activated,perspective,com.altera.sbtgui.ui,,"com.altera.sbtgui.ui.cPerspective",1468087447385
started,bundle,org.eclipse.osgi,3.7.2.v20120110-1415,"org.eclipse.osgi",1468087447385
started,bundle,org.eclipse.equinox.simpleconfigurator,1.0.200.v20110815-1438,"org.eclipse.equinox.simpleconfigurator",1468087447385
started,bundle,com.ibm.icu,4.4.2.v20110823,"com.ibm.icu",1468087447385
started,bundle,org.eclipse.cdt.codan.checkers,1.0.1.201202111925,"org.eclipse.cdt.codan.checkers",1468087447385
started,bundle,org.eclipse.cdt.codan.core,2.0.0.201202111925,"org.eclipse.cdt.codan.core",1468087447385
started,bundle,org.eclipse.cdt.codan.core.cxx,1.0.0.201202111925,"org.eclipse.cdt.codan.core.cxx",1468087447385
started,bundle,org.eclipse.cdt.codan.ui.cxx,2.0.0.201202111925,"org.eclipse.cdt.codan.ui.cxx",1468087447385
started,bundle,org.eclipse.cdt.core,5.3.2.201202111925,"org.eclipse.cdt.core",1468087447385
started,bundle,org.eclipse.cdt.debug.core,7.1.0.201202111925,"org.eclipse.cdt.debug.core",1468087447385
started,bundle,org.eclipse.cdt.debug.ui,7.1.2.201202111925,"org.eclipse.cdt.debug.ui",1468087447385
started,bundle,org.eclipse.cdt.make.core,7.1.2.201202111925,"org.eclipse.cdt.make.core",1468087447385
started,bundle,org.eclipse.cdt.make.ui,7.1.2.201202111925,"org.eclipse.cdt.make.ui",1468087447385
started,bundle,org.eclipse.cdt.managedbuilder.core,8.0.2.201202111925,"org.eclipse.cdt.managedbuilder.core",1468087447385
started,bundle,org.eclipse.cdt.managedbuilder.gnu.ui,8.0.2.201202111925,"org.eclipse.cdt.managedbuilder.gnu.ui",1468087447385
started,bundle,org.eclipse.cdt.msw.build,1.0.0.201202111925,"org.eclipse.cdt.msw.build",1468087447385
started,bundle,org.eclipse.cdt.ui,5.3.2.201202111925,"org.eclipse.cdt.ui",1468087447385
started,bundle,org.eclipse.compare.core,3.5.200.I20110208-0800,"org.eclipse.compare.core",1468087447432
started,bundle,org.eclipse.core.contenttype,3.4.100.v20110423-0524,"org.eclipse.core.contenttype",1468087447432
started,bundle,org.eclipse.core.databinding.observable,1.4.0.I20110222-0800,"org.eclipse.core.databinding.observable",1468087447479
started,bundle,org.eclipse.core.expressions,3.4.300.v20110228,"org.eclipse.core.expressions",1468087447479
started,bundle,org.eclipse.core.filebuffers,3.5.200.v20110928-1504,"org.eclipse.core.filebuffers",1468087447479
started,bundle,org.eclipse.core.filesystem,1.3.100.v20110423-0524,"org.eclipse.core.filesystem",1468087447479
started,bundle,org.eclipse.core.jobs,3.5.101.v20120113-1953,"org.eclipse.core.jobs",1468087447479
started,bundle,org.eclipse.core.net,1.2.100.I20110511-0800,"org.eclipse.core.net",1468087447479
started,bundle,org.eclipse.core.resources,3.7.101.v20120125-1505,"org.eclipse.core.resources",1468087447479
started,bundle,org.eclipse.core.runtime,3.7.0.v20110110,"org.eclipse.core.runtime",1468087447479
started,bundle,org.eclipse.core.runtime.compatibility,3.2.100.v20100505,"org.eclipse.core.runtime.compatibility",1468087447542
started,bundle,org.eclipse.core.runtime.compatibility.auth,3.2.200.v20110110,"org.eclipse.core.runtime.compatibility.auth",1468087447542
started,bundle,org.eclipse.core.variables,3.2.500.v20110928-1503,"org.eclipse.core.variables",1468087447542
started,bundle,org.eclipse.debug.core,3.7.1.v20111129-2031,"org.eclipse.debug.core",1468087447542
started,bundle,org.eclipse.debug.ui,3.7.102.v20111129-1423_r372,"org.eclipse.debug.ui",1468087447542
started,bundle,org.eclipse.ecf.filetransfer,5.0.0.v20110531-2218,"org.eclipse.ecf.filetransfer",1468087447542
started,bundle,org.eclipse.egit.core,1.3.0.201202151440-r,"org.eclipse.egit.core",1468087447542
started,bundle,org.eclipse.egit.ui,1.3.0.201202151440-r,"org.eclipse.egit.ui",1468087447542
started,bundle,org.eclipse.epp.mpc.ui,1.1.1.I20110907-0947,"org.eclipse.epp.mpc.ui",1468087447542
started,bundle,org.eclipse.epp.usagedata.gathering,1.3.1.R201106061540,"org.eclipse.epp.usagedata.gathering",1468087447542
started,bundle,org.eclipse.epp.usagedata.recording,1.3.1.R201106061540,"org.eclipse.epp.usagedata.recording",1468087447542
started,bundle,org.eclipse.equinox.app,1.3.100.v20110321,"org.eclipse.equinox.app",1468087447542
started,bundle,org.eclipse.equinox.common,3.6.0.v20110523,"org.eclipse.equinox.common",1468087447542
started,bundle,org.eclipse.equinox.ds,1.3.1.R37x_v20110701,"org.eclipse.equinox.ds",1468087447542
started,bundle,org.eclipse.equinox.event,1.2.100.v20110502,"org.eclipse.equinox.event",1468087447542
started,bundle,org.eclipse.equinox.frameworkadmin,2.0.0.v20110815-1438,"org.eclipse.equinox.frameworkadmin",1468087447542
started,bundle,org.eclipse.equinox.frameworkadmin.equinox,1.0.300.v20110815-1438,"org.eclipse.equinox.frameworkadmin.equinox",1468087447542
started,bundle,org.eclipse.equinox.p2.artifact.repository,1.1.101.v20110815-1419,"org.eclipse.equinox.p2.artifact.repository",1468087447542
started,bundle,org.eclipse.equinox.p2.core,2.1.1.v20120113-1346,"org.eclipse.equinox.p2.core",1468087447542
started,bundle,org.eclipse.equinox.p2.director,2.1.1.v20111126-0211,"org.eclipse.equinox.p2.director",1468087447542
started,bundle,org.eclipse.equinox.p2.directorywatcher,1.0.300.v20110815-1419,"org.eclipse.equinox.p2.directorywatcher",1468087447542
started,bundle,org.eclipse.equinox.p2.engine,2.1.1.R37x_v20111003,"org.eclipse.equinox.p2.engine",1468087447542
started,bundle,org.eclipse.equinox.p2.extensionlocation,1.2.100.v20110815-1419,"org.eclipse.equinox.p2.extensionlocation",1468087447542
started,bundle,org.eclipse.equinox.p2.garbagecollector,1.0.200.v20110815-1419,"org.eclipse.equinox.p2.garbagecollector",1468087447542
started,bundle,org.eclipse.equinox.p2.metadata,2.1.0.v20110815-1419,"org.eclipse.equinox.p2.metadata",1468087447557
started,bundle,org.eclipse.equinox.p2.metadata.repository,1.2.0.v20110815-1419,"org.eclipse.equinox.p2.metadata.repository",1468087447557
started,bundle,org.eclipse.equinox.p2.operations,2.1.1.R37x_v20111111,"org.eclipse.equinox.p2.operations",1468087447588
started,bundle,org.eclipse.equinox.p2.publisher,1.2.0.v20110815-1419,"org.eclipse.equinox.p2.publisher",1468087447604
started,bundle,org.eclipse.equinox.p2.publisher.eclipse,1.0.0.v20110815-1438,"org.eclipse.equinox.p2.publisher.eclipse",1468087447604
started,bundle,org.eclipse.equinox.p2.reconciler.dropins,1.1.100.v20110815-1419,"org.eclipse.equinox.p2.reconciler.dropins",1468087447604
started,bundle,org.eclipse.equinox.p2.repository,2.1.1.v20120113-1346,"org.eclipse.equinox.p2.repository",1468087447635
started,bundle,org.eclipse.equinox.p2.touchpoint.eclipse,2.1.1.v20110815-1419,"org.eclipse.equinox.p2.touchpoint.eclipse",1468087447635
started,bundle,org.eclipse.equinox.p2.touchpoint.natives,1.0.300.v20110815-1419,"org.eclipse.equinox.p2.touchpoint.natives",1468087447635
started,bundle,org.eclipse.equinox.p2.transport.ecf,1.0.0.v20111128-0624,"org.eclipse.equinox.p2.transport.ecf",1468087447635
started,bundle,org.eclipse.equinox.p2.updatesite,1.0.300.v20110815-1419,"org.eclipse.equinox.p2.updatesite",1468087447635
started,bundle,org.eclipse.equinox.preferences,3.4.2.v20120111-2020,"org.eclipse.equinox.preferences",1468087447635
started,bundle,org.eclipse.equinox.registry,3.5.101.R37x_v20110810-1611,"org.eclipse.equinox.registry",1468087447635
started,bundle,org.eclipse.equinox.security,1.1.1.R37x_v20110822-1018,"org.eclipse.equinox.security",1468087447635
started,bundle,org.eclipse.equinox.simpleconfigurator.manipulator,2.0.0.v20110815-1438,"org.eclipse.equinox.simpleconfigurator.manipulator",1468087447635
started,bundle,org.eclipse.equinox.util,1.0.300.v20110502,"org.eclipse.equinox.util",1468087447635
started,bundle,org.eclipse.help,3.5.100.v20110426,"org.eclipse.help",1468087447635
started,bundle,org.eclipse.jface,3.7.0.v20110928-1505,"org.eclipse.jface",1468087447635
started,bundle,org.eclipse.jgit,1.3.0.201202151440-r,"org.eclipse.jgit",1468087447635
started,bundle,org.eclipse.jsch.core,1.1.300.I20110514-0800,"org.eclipse.jsch.core",1468087447635
started,bundle,org.eclipse.linuxtools.cdt.autotools.core,1.0.2.201202152032,"org.eclipse.linuxtools.cdt.autotools.core",1468087447635
started,bundle,org.eclipse.ltk.core.refactoring,3.5.201.r372_v20111101-0700,"org.eclipse.ltk.core.refactoring",1468087447635
started,bundle,org.eclipse.ltk.ui.refactoring,3.6.0.v20110928-1453,"org.eclipse.ltk.ui.refactoring",1468087447635
started,bundle,org.eclipse.mylyn.bugzilla.core,3.6.5.v20120123-0100,"org.eclipse.mylyn.bugzilla.core",1468087447635
started,bundle,org.eclipse.mylyn.bugzilla.ui,3.6.0.v20110608-1400,"org.eclipse.mylyn.bugzilla.ui",1468087447635
started,bundle,org.eclipse.mylyn.commons.identity,0.8.0.v20110608-1400,"org.eclipse.mylyn.commons.identity",1468087447635
started,bundle,org.eclipse.mylyn.commons.net,3.6.0.v20110608-1400,"org.eclipse.mylyn.commons.net",1468087447635
started,bundle,org.eclipse.mylyn.commons.ui,3.6.1.v20110720-0100,"org.eclipse.mylyn.commons.ui",1468087447635
started,bundle,org.eclipse.mylyn.context.core,3.6.1.v20110720-0100,"org.eclipse.mylyn.context.core",1468087447635
started,bundle,org.eclipse.mylyn.context.ui,3.6.1.v20120112-0100,"org.eclipse.mylyn.context.ui",1468087447635
started,bundle,org.eclipse.mylyn.monitor.ui,3.6.0.v20110608-1400,"org.eclipse.mylyn.monitor.ui",1468087447635
started,bundle,org.eclipse.mylyn.tasks.ui,3.6.5.v20120215-0100,"org.eclipse.mylyn.tasks.ui",1468087447635
started,bundle,org.eclipse.search,3.7.0.v20110928-1504,"org.eclipse.search",1468087447635
started,bundle,org.eclipse.team.core,3.6.0.I20110525-0800,"org.eclipse.team.core",1468087447635
started,bundle,org.eclipse.team.ui,3.6.101.R37x_v20111109-0800,"org.eclipse.team.ui",1468087447635
started,bundle,org.eclipse.ui,3.7.0.v20110928-1505,"org.eclipse.ui",1468087447635
started,bundle,org.eclipse.ui.editors,3.7.0.v20110928-1504,"org.eclipse.ui.editors",1468087447635
started,bundle,org.eclipse.ui.forms,3.5.101.v20111011-1919,"org.eclipse.ui.forms",1468087447667
started,bundle,org.eclipse.ui.ide,3.7.0.v20110928-1505,"org.eclipse.ui.ide",1468087447667
started,bundle,org.eclipse.ui.intro,3.4.100.v20110425,"org.eclipse.ui.intro",1468087447667
started,bundle,org.eclipse.ui.intro.universal,3.2.500.v20110510,"org.eclipse.ui.intro.universal",1468087447667
started,bundle,org.eclipse.ui.navigator,3.5.101.v20120106-1355,"org.eclipse.ui.navigator",1468087447667
started,bundle,org.eclipse.ui.navigator.resources,3.4.300.v20110928-1505,"org.eclipse.ui.navigator.resources",1468087447667
started,bundle,org.eclipse.ui.net,1.2.100.v20111208-1155,"org.eclipse.ui.net",1468087447667
started,bundle,org.eclipse.ui.views,3.6.0.v20110928-1505,"org.eclipse.ui.views",1468087447667
started,bundle,org.eclipse.ui.workbench,3.7.1.v20120104-1859,"org.eclipse.ui.workbench",1468087447667
started,bundle,org.eclipse.ui.workbench.texteditor,3.7.0.v20110928-1504,"org.eclipse.ui.workbench.texteditor",1468087447667
started,bundle,org.eclipse.update.configurator,3.3.100.v20100512,"org.eclipse.update.configurator",1468087447667
started,bundle,com.altera.sbtgui.core,13.0.0.156,"com.altera.sbtgui.core",1468087447667
started,bundle,com.altera.sbtgui.project,13.0.0.156,"com.altera.sbtgui.project",1468087447682
os,sysinfo,,,"win32",1468087447682
arch,sysinfo,,,"x86",1468087447682
ws,sysinfo,,,"win32",1468087447682
locale,sysinfo,,,"zh_CN",1468087447682
processors,sysinfo,,,"4",1468087447682
java.runtime.name,sysinfo,,,"Java(TM) SE Runtime Environment",1468087447682
java.runtime.version,sysinfo,,,"1.6.0_23-b05",1468087447682
java.specification.name,sysinfo,,,"Java Platform API Specification",1468087447682
java.specification.vendor,sysinfo,,,"Sun Microsystems Inc.",1468087447682
java.specification.version,sysinfo,,,"1.6",1468087447682
java.vendor,sysinfo,,,"Sun Microsystems Inc.",1468087447682
java.version,sysinfo,,,"1.6.0_23",1468087447682
java.vm.info,sysinfo,,,"mixed mode",1468087447682
java.vm.name,sysinfo,,,"Java HotSpot(TM) Client VM",1468087447682
java.vm.specification.name,sysinfo,,,"Java Virtual Machine Specification",1468087447682
java.vm.specification.vendor,sysinfo,,,"Sun Microsystems Inc.",1468087447682
java.vm.specification.version,sysinfo,,,"1.0",1468087447682
java.vm.vendor,sysinfo,,,"Sun Microsystems Inc.",1468087447682
java.vm.version,sysinfo,,,"19.0-b09",1468087447682
started,bundle,org.eclipse.cdt.codan.ui,2.0.1.201202111925,"org.eclipse.cdt.codan.ui",1468087448088
started,bundle,org.eclipse.equinox.p2.ui.sdk.scheduler,1.0.100.v20110815-1419,"org.eclipse.equinox.p2.ui.sdk.scheduler",1468087448198
started,bundle,org.eclipse.equinox.p2.updatechecker,1.1.200.v20110815-1419,"org.eclipse.equinox.p2.updatechecker",1468087448198
started,bundle,org.eclipse.mylyn.team.ui,3.6.1.v20110825-0100,"org.eclipse.mylyn.team.ui",1468087448245
started,bundle,org.eclipse.update.scheduler,3.2.300.v20100512,"org.eclipse.update.scheduler",1468087448448
started,bundle,org.eclipse.update.core,3.2.500.v20110330,"org.eclipse.update.core",1468087448651
started,bundle,org.eclipse.team.cvs.core,3.3.400.I20110510-0800,"org.eclipse.team.cvs.core",1468087448776
started,bundle,org.eclipse.ui.console,3.5.100.v20111007_r372,"org.eclipse.ui.console",1468087449026
started,bundle,com.altera.sbtgui.integration,13.0.0.156,"com.altera.sbtgui.integration",1468087449448
started,bundle,com.altera.systemconsole,13.0.0.156,"com.altera.systemconsole",1468087449495
started,bundle,org.eclipse.team.cvs.ui,3.3.401.v20120126-1227,"org.eclipse.team.cvs.ui",1468087450198
activated,view,org.eclipse.ui.navigator.resources,3.4.300.v20110928-1505,"org.eclipse.ui.navigator.ProjectExplorer",1468087450323
started,bundle,com.altera.utilities,13.0.0.156,"com.altera.utilities",1468087450323
started,bundle,com.altera.systemconsole.designs.plugin,13.0.0.156,"com.altera.systemconsole.designs.plugin",1468087450401
started,bundle,org.eclipse.compare,3.5.202.R37x_v20111109-0800,"org.eclipse.compare",1468087456354
deactivated,workbench,org.eclipse.ui.workbench,3.7.1.v20120104-1859,"",1468087513568
activated,workbench,org.eclipse.ui.workbench,3.7.1.v20120104-1859,"",1468087513693
deactivated,workbench,org.eclipse.ui.workbench,3.7.1.v20120104-1859,"",1468087513709
opened,view,org.eclipse.ui.console,3.5.100.v20111007_r372,"org.eclipse.ui.console.ConsoleView",1468087514100
started,bundle,com.altera.sbtgui.launch,13.0.0.156,"com.altera.sbtgui.launch",1468087516027
opened,editor,org.eclipse.cdt.ui,5.3.2.201202111925,"org.eclipse.cdt.ui.editor.CEditor",1468087527284
closed,editor,org.eclipse.cdt.ui,5.3.2.201202111925,"org.eclipse.cdt.ui.editor.CEditor",1468087527377
started,bundle,org.eclipse.cdt.mylyn.ui,3.6.0.v20110608-1400,"org.eclipse.cdt.mylyn.ui",1468087527424
activated,workbench,org.eclipse.ui.workbench,3.7.1.v20120104-1859,"",1468087529565
deactivated,workbench,org.eclipse.ui.workbench,3.7.1.v20120104-1859,"",1468087529581
activated,workbench,org.eclipse.ui.workbench,3.7.1.v20120104-1859,"",1468087539503
executed,command,,,"com.altera.sbtgui.launch.hardware.Nios2HardwareLaunchShortcut.run",1468087539518
deactivated,workbench,org.eclipse.ui.workbench,3.7.1.v20120104-1859,"",1468087540831
activated,workbench,org.eclipse.ui.workbench,3.7.1.v20120104-1859,"",1468087572115
deactivated,workbench,org.eclipse.ui.workbench,3.7.1.v20120104-1859,"",1468087578474
activated,workbench,org.eclipse.ui.workbench,3.7.1.v20120104-1859,"",1468087596955
deactivated,workbench,org.eclipse.ui.workbench,3.7.1.v20120104-1859,"",1468087596970
activated,workbench,org.eclipse.ui.workbench,3.7.1.v20120104-1859,"",1468087599564
executed,command,,,"com.altera.sbtgui.launch.hardware.Nios2HardwareLaunchShortcut.run",1468087599580
deactivated,workbench,org.eclipse.ui.workbench,3.7.1.v20120104-1859,"",1468087602888
started,bundle,org.eclipse.core.databinding,1.4.0.I20110111-0800,"org.eclipse.core.databinding",1468087605295
started,bundle,org.eclipse.core.databinding.property,1.4.0.I20110222-0800,"org.eclipse.core.databinding.property",1468087605310
activated,workbench,org.eclipse.ui.workbench,3.7.1.v20120104-1859,"",1468087640483
executed,command,org.eclipse.ui,3.7.0.v20110928-1505,"org.eclipse.ui.file.import",1468087640499
activated,editor,org.eclipse.cdt.ui,5.3.2.201202111925,"org.eclipse.cdt.ui.editor.CEditor",1468087641604
activated,view,org.eclipse.ui.ide,3.7.0.v20110928-1505,"org.eclipse.ui.views.ProblemView",1468087643885
activated,view,org.eclipse.ui.navigator.resources,3.4.300.v20110928-1505,"org.eclipse.ui.navigator.ProjectExplorer",1468087645807
activated,view,org.eclipse.ui.ide,3.7.0.v20110928-1505,"org.eclipse.ui.views.ProblemView",1468087657838
started,bundle,org.eclipse.cdt.codan.checkers.ui,1.0.0.201202111925,"org.eclipse.cdt.codan.checkers.ui",1468087659729
activated,editor,org.eclipse.cdt.ui,5.3.2.201202111925,"org.eclipse.cdt.ui.editor.CEditor",1468087663116
activated,view,org.eclipse.ui.ide,3.7.0.v20110928-1505,"org.eclipse.ui.views.ProblemView",1468087663132
activated,view,org.eclipse.ui.navigator.resources,3.4.300.v20110928-1505,"org.eclipse.ui.navigator.ProjectExplorer",1468087668163
deactivated,workbench,org.eclipse.ui.workbench,3.7.1.v20120104-1859,"",1468087684884
activated,workbench,org.eclipse.ui.workbench,3.7.1.v20120104-1859,"",1468087698223
executed,command,org.eclipse.ui,3.7.0.v20110928-1505,"org.eclipse.ui.file.import",1468087698238
deactivated,workbench,org.eclipse.ui.workbench,3.7.1.v20120104-1859,"",1468087703187
activated,workbench,org.eclipse.ui.workbench,3.7.1.v20120104-1859,"",1468087715791
deactivated,workbench,org.eclipse.ui.workbench,3.7.1.v20120104-1859,"",1468087715806
activated,workbench,org.eclipse.ui.workbench,3.7.1.v20120104-1859,"",1468087717510
executed,command,,,"com.altera.sbtgui.launch.hardware.Nios2HardwareLaunchShortcut.run",1468087717525
opened,editor,org.eclipse.cdt.ui,5.3.2.201202111925,"org.eclipse.cdt.ui.editor.CEditor",1468087719603
activated,editor,org.eclipse.cdt.ui,5.3.2.201202111925,"org.eclipse.cdt.ui.editor.CEditor",1468087719931
activated,view,org.eclipse.ui.navigator.resources,3.4.300.v20110928-1505,"org.eclipse.ui.navigator.ProjectExplorer",1468087722067
deactivated,workbench,org.eclipse.ui.workbench,3.7.1.v20120104-1859,"",1468087739853
activated,workbench,org.eclipse.ui.workbench,3.7.1.v20120104-1859,"",1468087778329
deactivated,workbench,org.eclipse.ui.workbench,3.7.1.v20120104-1859,"",1468087786685
activated,workbench,org.eclipse.ui.workbench,3.7.1.v20120104-1859,"",1468087796630
deactivated,workbench,org.eclipse.ui.workbench,3.7.1.v20120104-1859,"",1468087803421
activated,workbench,org.eclipse.ui.workbench,3.7.1.v20120104-1859,"",1468087816140
deactivated,workbench,org.eclipse.ui.workbench,3.7.1.v20120104-1859,"",1468087816156
activated,workbench,org.eclipse.ui.workbench,3.7.1.v20120104-1859,"",1468087818078
executed,command,,,"com.altera.sbtgui.launch.hardware.Nios2HardwareLaunchShortcut.run",1468087818093
activated,editor,org.eclipse.cdt.ui,5.3.2.201202111925,"org.eclipse.cdt.ui.editor.CEditor",1468087826214
executed,command,org.eclipse.ui,3.7.0.v20110928-1505,"org.eclipse.ui.file.save",1468087830589
activated,view,org.eclipse.ui.navigator.resources,3.4.300.v20110928-1505,"org.eclipse.ui.navigator.ProjectExplorer",1468087834308
deactivated,workbench,org.eclipse.ui.workbench,3.7.1.v20120104-1859,"",1468087844351
activated,workbench,org.eclipse.ui.workbench,3.7.1.v20120104-1859,"",1468087856163
deactivated,workbench,org.eclipse.ui.workbench,3.7.1.v20120104-1859,"",1468087856179
activated,workbench,org.eclipse.ui.workbench,3.7.1.v20120104-1859,"",1468087858882
executed,command,,,"com.altera.sbtgui.launch.hardware.Nios2HardwareLaunchShortcut.run",1468087858898
deactivated,workbench,org.eclipse.ui.workbench,3.7.1.v20120104-1859,"",1468087868354
activated,workbench,org.eclipse.ui.workbench,3.7.1.v20120104-1859,"",1468087897303
executed,command,org.eclipse.ui,3.7.0.v20110928-1505,"org.eclipse.ui.file.import",1468087897334
deactivated,workbench,org.eclipse.ui.workbench,3.7.1.v20120104-1859,"",1468087901815
activated,workbench,org.eclipse.ui.workbench,3.7.1.v20120104-1859,"",1468087922644
executed,command,,,"com.altera.sbtgui.launch.hardware.Nios2HardwareLaunchShortcut.run",1468087929409
started,bundle,org.eclipse.cdt.launch,7.0.0.201202111925,"org.eclipse.cdt.launch",1468087929487
opened,view,com.altera.sbtgui.launch,13.0.0.156,"com.altera.sbtgui.launch.hardware.ByteStreamConsoleView",1468087954749
started,bundle,org.eclipse.cdt.debug.mi.ui,6.1.1.201202111925,"org.eclipse.cdt.debug.mi.ui",1468087956156
started,bundle,org.eclipse.cdt.dsf,2.2.0.201202111925,"org.eclipse.cdt.dsf",1468087956327
started,bundle,org.eclipse.cdt.dsf.gdb,4.0.2.201202111925,"org.eclipse.cdt.dsf.gdb",1468087956327
started,bundle,org.eclipse.cdt.dsf.gdb.ui,2.2.1.201202111925,"org.eclipse.cdt.dsf.gdb.ui",1468087956343
started,bundle,org.eclipse.cdt.debug.mi.core,7.1.1.201202111925,"org.eclipse.cdt.debug.mi.core",1468087956374
started,bundle,org.eclipse.cdt.dsf.ui,2.2.1.201202111925,"org.eclipse.cdt.dsf.ui",1468087956609
error,log,,,"Failed Executing: [nios2-download, '--cable=USB-Blaster on localhost [USB-0]', --device=1, --instance=0, --stop] return code: 2, no processors found",1468087957968
error,log,,,"Failed Executing: [nios2-download, '--cable=USB-Blaster on localhost [USB-0]', --device=1, --instance=0, --go, /cygdrive/g/software/Auto/Auto.elf] return code: 2, no processors found",1468087962510
error,log,,,"Downloading ELF Process failed",1468087962541
deactivated,workbench,org.eclipse.ui.workbench,3.7.1.v20120104-1859,"",1468087962604
activated,workbench,org.eclipse.ui.workbench,3.7.1.v20120104-1859,"",1468087965354
deactivated,workbench,org.eclipse.ui.workbench,3.7.1.v20120104-1859,"",1468087973705
activated,workbench,org.eclipse.ui.workbench,3.7.1.v20120104-1859,"",1468087986705
executed,command,,,"com.altera.sbtgui.launch.hardware.Nios2HardwareLaunchShortcut.run",1468087989080
activated,view,com.altera.sbtgui.launch,13.0.0.156,"com.altera.sbtgui.launch.hardware.ByteStreamConsoleView",1468088005150
activated,view,org.eclipse.ui.console,3.5.100.v20111007_r372,"org.eclipse.ui.console.ConsoleView",1468088006212
activated,view,com.altera.sbtgui.launch,13.0.0.156,"com.altera.sbtgui.launch.hardware.ByteStreamConsoleView",1468088013421
deactivated,workbench,org.eclipse.ui.workbench,3.7.1.v20120104-1859,"",1468088363397
activated,workbench,org.eclipse.ui.workbench,3.7.1.v20120104-1859,"",1468088365382
closed,workbench,org.eclipse.ui.workbench,3.7.1.v20120104-1859,"",1468088366678
stopped,bundle,org.eclipse.cdt.build.crossgcc,1.0.2.201202111925,"org.eclipse.cdt.build.crossgcc",1468088368975
stopped,bundle,org.eclipse.cdt.codan.checkers.ui,1.0.0.201202111925,"org.eclipse.cdt.codan.checkers.ui",1468088368991
stopped,bundle,com.altera.debug.cdi.gdb.plugin,13.0.0.156,"com.altera.debug.cdi.gdb.plugin",1468088368991
stopped,bundle,com.altera.sbtgui.launch,13.0.0.156,"com.altera.sbtgui.launch",1468088369991
stopped,bundle,com.altera.sbtgui.ui,13.0.0.156,"com.altera.sbtgui.ui",1468088369991
stopped,bundle,com.altera.sbtgui.project,13.0.0.156,"com.altera.sbtgui.project",1468088370085
stopped,bundle,org.eclipse.cdt.codan.checkers,1.0.1.201202111925,"org.eclipse.cdt.codan.checkers",1468088370085
stopped,bundle,org.eclipse.cdt.codan.ui.cxx,2.0.0.201202111925,"org.eclipse.cdt.codan.ui.cxx",1468088370085
stopped,bundle,org.eclipse.cdt.codan.core.cxx,1.0.0.201202111925,"org.eclipse.cdt.codan.core.cxx",1468088370085
stopped,bundle,org.eclipse.cdt.launch.remote,2.3.0.201202111925,"org.eclipse.cdt.launch.remote",1468088370085
stopped,bundle,org.eclipse.cdt.debug.mi.ui,6.1.1.201202111925,"org.eclipse.cdt.debug.mi.ui",1468088370085
stopped,bundle,org.eclipse.cdt.debug.mi.core,7.1.1.201202111925,"org.eclipse.cdt.debug.mi.core",1468088370085
stopped,bundle,org.eclipse.cdt.debug.ui.memory.memorybrowser,1.2.100.201202111925,"org.eclipse.cdt.debug.ui.memory.memorybrowser",1468088370085
stopped,bundle,org.eclipse.cdt.debug.ui.memory.search,1.2.1.201202111925,"org.eclipse.cdt.debug.ui.memory.search",1468088370085
stopped,bundle,org.eclipse.cdt.dsf.gdb.ui,2.2.1.201202111925,"org.eclipse.cdt.dsf.gdb.ui",1468088370085
stopped,bundle,org.eclipse.cdt.dsf.ui,2.2.1.201202111925,"org.eclipse.cdt.dsf.ui",1468088370085
stopped,bundle,org.eclipse.cdt.gdb.ui,7.0.0.201202111925,"org.eclipse.cdt.gdb.ui",1468088370085
stopped,bundle,org.eclipse.cdt.dsf.gdb,4.0.2.201202111925,"org.eclipse.cdt.dsf.gdb",1468088370085
stopped,bundle,org.eclipse.cdt.launch,7.0.0.201202111925,"org.eclipse.cdt.launch",1468088370085
stopped,bundle,org.eclipse.cdt.debug.ui,7.1.2.201202111925,"org.eclipse.cdt.debug.ui",1468088370085
stopped,bundle,org.eclipse.cdt.debug.ui.memory.traditional,1.2.1.201202111925,"org.eclipse.cdt.debug.ui.memory.traditional",1468088370085
stopped,bundle,org.eclipse.cdt.dsf,2.2.0.201202111925,"org.eclipse.cdt.dsf",1468088370085
stopped,bundle,org.eclipse.cdt.debug.core,7.1.0.201202111925,"org.eclipse.cdt.debug.core",1468088370085
stopped,bundle,org.eclipse.linuxtools.cdt.autotools.ui,1.0.1.201202152032,"org.eclipse.linuxtools.cdt.autotools.ui",1468088370085
stopped,bundle,org.eclipse.linuxtools.cdt.autotools.core,1.0.2.201202152032,"org.eclipse.linuxtools.cdt.autotools.core",1468088370085
stopped,bundle,org.eclipse.cdt.managedbuilder.ui,8.0.2.201202111925,"org.eclipse.cdt.managedbuilder.ui",1468088370085
stopped,bundle,org.eclipse.cdt.make.ui,7.1.2.201202111925,"org.eclipse.cdt.make.ui",1468088370085
